order_id,date,product,quantity,unit_price,discount_rate
1001,2024-01-05,Laptop,2,1200.00,0.10
1002,2024-01-08,Mouse,15,25.00,0.05
1003,2024-01-12,Monitor,5,350.00,0.15
1004,2024-01-15,Keyboard,8,85.00,0.08
1005,2024-01-18,Laptop,3,1200.00,0.12
1006,2024-01-22,Headphones,20,120.00,0.10
1007,2024-01-25,USB Cable,50,8.00,0.00
1008,2024-02-01,Monitor,4,350.00,0.20
1009,2024-02-05,Laptop,1,1200.00,0.05
1010,2024-02-08,Keyboard,12,85.00,0.10
1011,2024-02-12,Mouse,25,25.00,0.08
1012,2024-02-15,Headphones,10,120.00,0.15
1013,2024-02-18,Monitor,3,350.00,0.10
1014,2024-02-22,Laptop,2,1200.00,0.18
1015,2024-02-25,USB Cable,100,8.00,0.05
1016,2024-03-01,Keyboard,6,85.00,0.12
1017,2024-03-05,Headphones,8,120.00,0.20
1018,2024-03-08,Mouse,30,25.00,0.10
1019,2024-03-12,Monitor,2,350.00,0.25
1020,2024-03-15,Laptop,4,1200.00,0.15